Workbook

Sheet 使用说明
A1: 案件罪名分析器 — 使用说明（原创制作：袁尘）
A3: ① 怎么用（全自动）
B4: 打开「算罪台」，把某人做了什么用一句话（或一段话）写进黄色框里。
B5: 下面「自动分析结果」会立刻列出他犯的所有罪名，并合计刑期、罚款、保释金。
B6: 只算一个人 → 只填「当事人甲」；要对比多人 → 分别填甲/乙/丙，底部会指出谁责任最大。
A7: ② 识别原理
B8: 离线关键词识别：句子里出现某条罪的关键词（含常见口语/黑话），就判定该罪，不需联网、免费。
B9: 写得越具体越准，比如「持枪抢劫」「拒捕」「开枪」「驾车逃跑」「贩毒」「袭警」这些词都能认。
B10: 如果某种说法没被识别 → 打开「关键词库」页，A 列加上你的说法、B 列写对应罪名即可，立即生效。
A11: ③ 计算规则（依法典）
B12: 时间换算：1 年 = 12 个月 = 12 分钟（游戏内监禁时间）。
B13: 数罪叠加、罚款累计；总刑期最高 5 年(60 个月)，同一罪名不重复并罚。
B14: 建议保释金 = 刑期(月) × 罚款 ÷ 6（法典第九章·保释）。
B15: 抢劫/盗窃/破坏等另需按价值赔偿，本表未自动计算。
A16: ④ 需人工复核
B17: 正当防卫 / 堡垒原则可减免；未遂/同谋/教唆/从犯按主罪同罪；包庇按主犯≤50%。
B18: 分级罪名(收受赃物、盗窃车辆、大量管制物品等)取常见档位，请按实际情节核对。
A19: ⑤ 三张表
B20: 算罪台 = 你用的主界面；罪名表 = 全部罪名速查；关键词库 = 教它认新词的地方。
A21: ⑥ 免责声明
B22: 本工具仅为辅助参考，最终定罪与量刑以服务器法官 / 司法部裁量为准。
A24: 原创制作 | B24: 袁尘

Sheet 算罪台
A1: ⚖ 圣 安 地 列 斯 州 · 案 件 罪 名 分 析 器 🦅
A2: 把每个人做了什么，用一句话写进框里 → 自动算出他犯了哪些罪
A3: ① 一句话案情 — 每个人一句（只算一人就只填甲；可写一长段，命中越多越准）
A4: 👤 当事人甲 | B4: 嫌疑人持枪抢劫便利店，被警察拦下后拒捕并开枪，然后驾车逃跑还撞坏了路边的车。
A5: 👤 当事人乙
A6: 👤 当事人丙
A8: ② 自动分析结果 — 识别到的罪名会即时列出（刑期已封顶 5 年）
A9: 当事人 | B9: 犯下的罪名 | C9: 罪名数 | D9: 合计刑期(月) | E9: 合计罚款($) | F9: 建议保释金($)
A10: 当事人甲 | B10: =IF('罪名表'!$J$62="","（这句话没识别到罪名，请补充细节或去「关键词库」加词）",'罪名表'!$J$62) | C10: =SUM('罪名表'!$G$2:$G$62) | D10: =MIN(60,SUMIF('罪名表'!$G$2:$G$62,1,'罪名表'!$D$2:$D$62)) | E10: =SUMIF('罪名表'!$G$2:$G$62,1,'罪名表'!$E$2:$E$62) | F10: =ROUND(D10*E10/6,0)
A11: 当事人乙 | B11: =IF('罪名表'!$K$62="","（这句话没识别到罪名，请补充细节或去「关键词库」加词）",'罪名表'!$K$62) | C11: =SUM('罪名表'!$H$2:$H$62) | D11: =MIN(60,SUMIF('罪名表'!$H$2:$H$62,1,'罪名表'!$D$2:$D$62)) | E11: =SUMIF('罪名表'!$H$2:$H$62,1,'罪名表'!$E$2:$E$62) | F11: =ROUND(D11*E11/6,0)
A12: 当事人丙 | B12: =IF('罪名表'!$L$62="","（这句话没识别到罪名，请补充细节或去「关键词库」加词）",'罪名表'!$L$62) | C12: =SUM('罪名表'!$I$2:$I$62) | D12: =MIN(60,SUMIF('罪名表'!$I$2:$I$62,1,'罪名表'!$D$2:$D$62)) | E12: =SUMIF('罪名表'!$I$2:$I$62,1,'罪名表'!$E$2:$E$62) | F12: =ROUND(D12*E12/6,0)
A14: =IF(MAX(D10,D11,D12)=0,"⚠ 还没识别到罪名：在上面把案情写得更具体些，或去「关键词库」补充说法。","🔨 主要责任方：当事人"&IF(D10=MAX(D10,D11,D12),"甲",IF(D11=MAX(D10,D11,D12),"乙","丙"))&" | 合计刑期 "&MAX(D10,D11,D12)&" 个月（"&ROUND(MAX(D10,D11,D12)/12,1)&" 年）"&" | 仅供参考，正当防卫 / 堡垒原则 / 同类不并罚等请人工复核")
A16: 提示 · 写得越具体识别越准（如「持枪、拒捕、开枪、逃跑、贩毒」这些词）；保释金 = 刑期(月)×罚款÷6；识别不到的说法，去「关键词库」加一行即可。
A18: 原创制作：袁尘

Sheet 罪名表
A1: 章节 | B1: 罪名 | C1: 定性 | D1: 刑期(月) | E1: 罚款($) | F1: 说明 / 量刑要点 | G1: 甲命中 | H1: 乙命中 | I1: 丙命中 | J1: 甲累积 | K1: 乙累积 | L1: 丙累积
A2: 二·人身 | B2: 威胁罪 | C2: 轻罪 | D2: 12 | E2: 8000 | F2: 口头/书面/网络威胁他人或其亲友 | G2: =IF(SUMIFS('关键词库'!$C$2:$C$1281,'关键词库'!$B$2:$B$1281,$B2)>0,1,0) | H2: =IF(SUMIFS('关键词库'!$D$2:$D$1281,'关键词库'!$B$2:$B$1281,$B2)>0,1,0) | I2: =IF(SUMIFS('关键词库'!$E$2:$E$1281,'关键词库'!$B$2:$B$1281,$B2)>0,1,0) | J2: =IF($G2=1,$B2,"") | K2: =IF($H2=1,$B2,"") | L2: =IF($I2=1,$B2,"")
A3: 二·人身 | B3: 持有危险武器人身攻击罪 | C3: 重罪 | D3: 48 | E3: 20000 | F3: 用武器/工具威胁或伤害他人 | G3: =IF(SUMIFS('关键词库'!$C$2:$C$1281,'关键词库'!$B$2:$B$1281,$B3)>0,1,0) | H3: =IF(SUMIFS('关键词库'!$D$2:$D$1281,'关键词库'!$B$2:$B$1281,$B3)>0,1,0) | I3: =IF(SUMIFS('关键词库'!$E$2:$E$1281,'关键词库'!$B$2:$B$1281,$B3)>0,1,0) | J3: =IF($G3=1,IF($J2="",$B3,$J2&"、"&$B3),$J2) | K3: =IF($H3=1,IF($K2="",$B3,$K2&"、"&$B3),$K2) | L3: =IF($I3=1,IF($L2="",$B3,$L2&"、"&$B3),$L2)
A4: 二·人身 | B4: 一级谋杀罪 | C4: 重罪 | D4: 60 | E4: 30000 | F4: 预谋故意杀人 / 重罪过程中杀人 | G4: =IF(SUMIFS('关键词库'!$C$2:$C$1281,'关键词库'!$B$2:$B$1281,$B4)>0,1,0) | H4: =IF(SUMIFS('关键词库'!$D$2:$D$1281,'关键词库'!$B$2:$B$1281,$B4)>0,1,0) | I4: =IF(SUMIFS('关键词库'!$E$2:$E$1281,'关键词库'!$B$2:$B$1281,$B4)>0,1,0) | J4: =IF($G4=1,IF($J3="",$B4,$J3&"、"&$B4),$J3) | K4: =IF($H4=1,IF($K3="",$B4,$K3&"、"&$B4),$K3) | L4: =IF($I4=1,IF($L3="",$B4,$L3&"、"&$B4),$L3)
A5: 二·人身 | B5: 二级谋杀罪 | C5: 重罪 | D5: 60 | E5: 20000 | F5: 非预谋的故意杀人 (3至5年) | G5: =IF(SUMIFS('关键词库'!$C$2:$C$1281,'关键词库'!$B$2:$B$1281,$B5)>0,1,0) | H5: =IF(SUMIFS('关键词库'!$D$2:$D$1281,'关键词库'!$B$2:$B$1281,$B5)>0,1,0) | I5: =IF(SUMIFS('关键词库'!$E$2:$E$1281,'关键词库'!$B$2:$B$1281,$B5)>0,1,0) | J5: =IF($G5=1,IF($J4="",$B5,$J4&"、"&$B5),$J4) | K5: =IF($H5=1,IF($K4="",$B5,$K4&"、"&$B5),$K4) | L5: =IF($I5=1,IF($L4="",$B5,$L4&"、"&$B5),$L4)
A6: 二·人身 | B6: 三级谋杀罪 | C6: 重罪 | D6: 60 | E6: 15000 | F6: 无意致死/鲁莽过失致死 (3至5年, 不含正当防卫) | G6: =IF(SUMIFS('关键词库'!$C$2:$C$1281,'关键词库'!$B$2:$B$1281,$B6)>0,1,0) | H6: =IF(SUMIFS('关键词库'!$D$2:$D$1281,'关键词库'!$B$2:$B$1281,$B6)>0,1,0) | I6: =IF(SUMIFS('关键词库'!$E$2:$E$1281,'关键词库'!$B$2:$B$1281,$B6)>0,1,0) | J6: =IF($G6=1,IF($J5="",$B6,$J5&"、"&$B6),$J5) | K6: =IF($H6=1,IF($K5="",$B6,$K5&"、"&$B6),$K5) | L6: =IF($I6=1,IF($L5="",$B6,$L5&"、"&$B6),$L5)
A7: 二·人身 | B7: 非法拘禁罪 | C7: 重罪 | D7: 36 | E7: 15000 | F7: 违背意愿约束/扣押/拘禁他人 | G7: =IF(SUMIFS('关键词库'!$C$2:$C$1281,'关键词库'!$B$2:$B$1281,$B7)>0,1,0) | H7: =IF(SUMIFS('关键词库'!$D$2:$D$1281,'关键词库'!$B$2:$B$1281,$B7)>0,1,0) | I7: =IF(SUMIFS('关键词库'!$E$2:$E$1281,'关键词库'!$B$2:$B$1281,$B7)>0,1,0) | J7: =IF($G7=1,IF($J6="",$B7,$J6&"、"&$B7),$J6) | K7: =IF($H7=1,IF($K6="",$B7,$K6&"、"&$B7),$K6) | L7: =IF($I7=1,IF($L6="",$B7,$L6&"、"&$B7),$L6)
A8: 二·人身 | B8: 故意袭击罪 | C8: 重罪 | D8: 36 | E8: 15000 | F8: 蓄意暴力致他人身体受伤 | G8: =IF(SUMIFS('关键词库'!$C$2:$C$1281,'关键词库'!$B$2:$B$1281,$B8)>0,1,0) | H8: =IF(SUMIFS('关键词库'!$D$2:$D$1281,'关键词库'!$B$2:$B$1281,$B8)>0,1,0) | I8: =IF(SUMIFS('关键词库'!$E$2:$E$1281,'关键词库'!$B$2:$B$1281,$B8)>0,1,0) | J8: =IF($G8=1,IF($J7="",$B8,$J7&"、"&$B8),$J7) | K8: =IF($H8=1,IF($K7="",$B8,$K7&"、"&$B8),$K7) | L8: =IF($I8=1,IF($L7="",$B8,$L7&"、"&$B8),$L7)
A9: 二·人身 | B9: 绑架罪 | C9: 重罪 | D9: 60 | E9: 25000 | F9: 侵占/羁押/控制他人意图恐吓 | G9: =IF(SUMIFS('关键词库'!$C$2:$C$1281,'关键词库'!$B$2:$B$1281,$B9)>0,1,0) | H9: =IF(SUMIFS('关键词库'!$D$2:$D$1281,'关键词库'!$B$2:$B$1281,$B9)>0,1,0) | I9: =IF(SUMIFS('关键词库'!$E$2:$E$1281,'关键词库'!$B$2:$B$1281,$B9)>0,1,0) | J9: =IF($G9=1,IF($J8="",$B9,$J8&"、"&$B9),$J8) | K9: =IF($H9=1,IF($K8="",$B9,$K8&"、"&$B9),$K8) | L9: =IF($I9=1,IF($L8="",$B9,$L8&"、"&$B9),$L8)
A10: 二·人身 | B10: 亵渎尸体罪 | C10: 重罪 | D10: 24 | E10: 20000 | F10: 毁损/处置尸体掩盖犯罪 | G10: =IF(SUMIFS('关键词库'!$C$2:$C$1281,'关键词库'!$B$2:$B$1281,$B10)>0,1,0) | H10: =IF(SUMIFS('关键词库'!$D$2:$D$1281,'关键词库'!$B$2:$B$1281,$B10)>0,1,0) | I10: =IF(SUMIFS('关键词库'!$E$2:$E$1281,'关键词库'!$B$2:$B$1281,$B10)>0,1,0) | J10: =IF($G10=1,IF($J9="",$B10,$J9&"、"&$B10),$J9) | K10: =IF($H10=1,IF($K9="",$B10,$K9&"、"&$B10),$K9) | L10: =IF($I10=1,IF($L9="",$B10,$L9&"、"&$B10),$L9)
A11: 二·人身 | B11: 诈骗罪 | C11: 重罪 | D11: 60 | E11: 5000 | F11: 以欺诈欺瞒获取他人财物 (1-5年) | G11: =IF(SUMIFS('关键词库'!$C$2:$C$1281,'关键词库'!$B$2:$B$1281,$B11)>0,1,0) | H11: =IF(SUMIFS('关键词库'!$D$2:$D$1281,'关键词库'!$B$2:$B$1281,$B11)>0,1,0) | I11: =IF(SUMIFS('关键词库'!$E$2:$E$1281,'关键词库'!$B$2:$B$1281,$B11)>0,1,0) | J11: =IF($G11=1,IF($J10="",$B11,$J10&"、"&$B11),$J10) | K11: =IF($H11=1,IF($K10="",$B11,$K10&"、"&$B11),$K10) | L11: =IF($I11=1,IF($L10="",$B11,$L10&"、"&$B11),$L10)
A12: 三·财产 | B12: 非法入侵罪 | C12: 轻罪 | D12: 24 | E12: 8000 | F12: 被要求离开后仍拒绝离开 | G12: =IF(SUMIFS('关键词库'!$C$2:$C$1281,'关键词库'!$B$2:$B$1281,$B12)>0,1,0) | H12: =IF(SUMIFS('关键词库'!$D$2:$D$1281,'关键词库'!$B$2:$B$1281,$B12)>0,1,0) | I12: =IF(SUMIFS('关键词库'!$E$2:$E$1281,'关键词库'!$B$2:$B$1281,$B12)>0,1,0) | J12: =IF($G12=1,IF($J11="",$B12,$J11&"、"&$B12),$J11) | K12: =IF($H12=1,IF($K11="",$B12,$K11&"、"&$B12),$K11) | L12: =IF($I12=1,IF($L11="",$B12,$L11&"、"&$B12),$L11)
A13: 三·财产 | B13: 非法入侵禁区罪 | C13: 轻罪 | D13: 36 | E13: 10000 | F13: 未经授权进入警局/机场/军事基地等限制区 | G13: =IF(SUMIFS('关键词库'!$C$2:$C$1281,'关键词库'!$B$2:$B$1281,$B13)>0,1,0) | H13: =IF(SUMIFS('关键词库'!$D$2:$D$1281,'关键词库'!$B$2:$B$1281,$B13)>0,1,0) | I13: =IF(SUMIFS('关键词库'!$E$2:$E$1281,'关键词库'!$B$2:$B$1281,$B13)>0,1,0) | J13: =IF($G13=1,IF($J12="",$B13,$J12&"、"&$B13),$J12) | K13: =IF($H13=1,IF($K12="",$B13,$K12&"、"&$B13),$K12) | L13: =IF($I13=1,IF($L12="",$B13,$L12&"、"&$B13),$L12)
A14: 三·财产 | B14: 入室盗窃罪 | C14: 重罪 | D14: 36 | E14: 25000 | F14: 擅入住宅/办公室/仓库盗窃, 另需赔偿 | G14: =IF(SUMIFS('关键词库'!$C$2:$C$1281,'关键词库'!$B$2:$B$1281,$B14)>0,1,0) | H14: =IF(SUMIFS('关键词库'!$D$2:$D$1281,'关键词库'!$B$2:$B$1281,$B14)>0,1,0) | I14: =IF(SUMIFS('关键词库'!$E$2:$E$1281,'关键词库'!$B$2:$B$1281,$B14)>0,1,0) | J14: =IF($G14=1,IF($J13="",$B14,$J13&"、"&$B14),$J13) | K14: =IF($H14=1,IF($K13="",$B14,$K13&"、"&$B14),$K13) | L14: =IF($I14=1,IF($L13="",$B14,$L13&"、"&$B14),$L13)
... A62: 十一·其他 | B62: 身份盗用罪 | C62: 轻罪 | D62: 12 | E62: 8000 | F62: 未经许可盗取/使用他人个人信息, 另需赔偿 | G62: =IF(SUMIFS('关键词库'!$C$2:$C$1281,'关键词库'!$B$2:$B$1281,$B62)>0,1,0) | H62: =IF(SUMIFS('关键词库'!$D$2:$D$1281,'关键词库'!$B$2:$B$1281,$B62)>0,1,0) | I62: =IF(SUMIFS('关键词库'!$E$2:$E$1281,'关键词库'!$B$2:$B$1281,$B62)>0,1,0) | J62: =IF($G62=1,IF($J61="",$B62,$J61&"、"&$B62),$J61) | K62: =IF($H62=1,IF($K61="",$B62,$K61&"、"&$B62),$K61) | L62: =IF($I62=1,IF($L61="",$B62,$L61&"、"&$B62),$L61)

Sheet 关键词库
A1: 想让它认识新说法/黑话：在 A 列加关键词、B 列写对应罪名（与「罪名表」一字不差），即时生效。
A2: 关键词 | B2: 对应罪名 | C2: 甲 | D2: 乙 | E2: 丙
A3: 威胁 | B3: 威胁罪 | C3: =IF(AND($A2<>"",'算罪台'!$B$4<>"",ISNUMBER(SEARCH($A2,'算罪台'!$B$4))),1,0) | D3: =IF(AND($A2<>"",'算罪台'!$B$5<>"",ISNUMBER(SEARCH($A2,'算罪台'!$B$5))),1,0) | E3: =IF(AND($A2<>"",'算罪台'!$B$6<>"",ISNUMBER(SEARCH($A2,'算罪台'!$B$6))),1,0)
A4: 恐吓 | B4: 威胁罪 | C4: =IF(AND($A3<>"",'算罪台'!$B$4<>"",ISNUMBER(SEARCH($A3,'算罪台'!$B$4))),1,0) | D4: =IF(AND($A3<>"",'算罪台'!$B$5<>"",ISNUMBER(SEARCH($A3,'算罪台'!$B$5))),1,0) | E4: =IF(AND($A3<>"",'算罪台'!$B$6<>"",ISNUMBER(SEARCH($A3,'算罪台'!$B$6))),1,0)
A5: 口头威胁 | B5: 威胁罪 | C5: =IF(AND($A4<>"",'算罪台'!$B$4<>"",ISNUMBER(SEARCH($A4,'算罪台'!$B$4))),1,0) | D5: =IF(AND($A4<>"",'算罪台'!$B$5<>"",ISNUMBER(SEARCH($A4,'算罪台'!$B$5))),1,0) | E5: =IF(AND($A4<>"",'算罪台'!$B$6<>"",ISNUMBER(SEARCH($A4,'算罪台'!$B$6))),1,0)
A6: 书面威胁 | B6: 威胁罪 | C6: =IF(AND($A5<>"",'算罪台'!$B$4<>"",ISNUMBER(SEARCH($A5,'算罪台'!$B$4))),1,0) | D6: =IF(AND($A5<>"",'算罪台'!$B$5<>"",ISNUMBER(SEARCH($A5,'算罪台'!$B$5))),1,0) | E6: =IF(AND($A5<>"",'算罪台'!$B$6<>"",ISNUMBER(SEARCH($A5,'算罪台'!$B$6))),1,0)
A7: 扬言 | B7: 威胁罪 | C7: =IF(AND($A6<>"",'算罪台'!$B$4<>"",ISNUMBER(SEARCH($A6,'算罪台'!$B$4))),1,0) | D7: =IF(AND($A6<>"",'算罪台'!$B$5<>"",ISNUMBER(SEARCH($A6,'算罪台'!$B$5))),1,0) | E7: =IF(AND($A6<>"",'算罪台'!$B$6<>"",ISNUMBER(SEARCH($A6,'算罪台'!$B$6))),1,0)
A8: 制造恐慌 | B8: 威胁罪 | C8: =IF(AND($A7<>"",'算罪台'!$B$4<>"",ISNUMBER(SEARCH($A7,'算罪台'!$B$4))),1,0) | D8: =IF(AND($A7<>"",'算罪台'!$B$5<>"",ISNUMBER(SEARCH($A7,'算罪台'!$B$5))),1,0) | E8: =IF(AND($A7<>"",'算罪台'!$B$6<>"",ISNUMBER(SEARCH($A7,'算罪台'!$B$6))),1,0)
A9: 吓唬 | B9: 威胁罪 | C9: =IF(AND($A8<>"",'算罪台'!$B$4<>"",ISNUMBER(SEARCH($A8,'算罪台'!$B$4))),1,0) | D9: =IF(AND($A8<>"",'算罪台'!$B$5<>"",ISNUMBER(SEARCH($A8,'算罪台'!$B$5))),1,0) | E9: =IF(AND($A8<>"",'算罪台'!$B$6<>"",ISNUMBER(SEARCH($A8,'算罪台'!$B$6))),1,0)
A10: 放狠话 | B10: 威胁罪 | C10: =IF(AND($A9<>"",'算罪台'!$B$4<>"",ISNUMBER(SEARCH($A9,'算罪台'!$B$4))),1,0) | D10: =IF(AND($A9<>"",'算罪台'!$B$5<>"",ISNUMBER(SEARCH($A9,'算罪台'!$B$5))),1,0) | E10: =IF(AND($A9<>"",'算罪台'!$B$6<>"",ISNUMBER(SEARCH($A9,'算罪台'!$B$6))),1,0)
A11: 威胁要 | B11: 威胁罪 | C11: =IF(AND($A10<>"",'算罪台'!$B$4<>"",ISNUMBER(SEARCH($A10,'算罪台'!$B$4))),1,0) | D11: =IF(AND($A10<>"",'算罪台'!$B$5<>"",ISNUMBER(SEARCH($A10,'算罪台'!$B$5))),1,0) | E11: =IF(AND($A10<>"",'算罪台'!$B$6<>"",ISNUMBER(SEARCH($A10,'算罪台'!$B$6))),1,0)
A12: 撂狠话 | B12: 威胁罪 | C12: =IF(AND($A11<>"",'算罪台'!$B$4<>"",ISNUMBER(SEARCH($A11,'算罪台'!$B$4))),1,0) | D12: =IF(AND($A11<>"",'算罪台'!$B$5<>"",ISNUMBER(SEARCH($A11,'算罪台'!$B$5))),1,0) | E12: =IF(AND($A11<>"",'算罪台'!$B$6<>"",ISNUMBER(SEARCH($A11,'算罪台'!$B$6))),1,0)
A13: 放话 | B13: 威胁罪 | C13: =IF(AND($A12<>"",'算罪台'!$B$4<>"",ISNUMBER(SEARCH($A12,'算罪台'!$B$4))),1,0) | D13: =IF(AND($A12<>"",'算罪台'!$B$5<>"",ISNUMBER(SEARCH($A12,'算罪台'!$B$5))),1,0) | E13: =IF(AND($A12<>"",'算罪台'!$B$6<>"",ISNUMBER(SEARCH($A12,'算罪台'!$B$6))),1,0)
A14: 扬言报复 | B14: 威胁罪 | C14: =IF(AND($A13<>"",'算罪台'!$B$4<>"",ISNUMBER(SEARCH($A13,'算罪台'!$B$4))),1,0) | D14: =IF(AND($A13<>"",'算罪台'!$B$5<>"",ISNUMBER(SEARCH($A13,'算罪台'!$B$5))),1,0) | E14: =IF(AND($A13<>"",'算罪台'!$B$6<>"",ISNUMBER(SEARCH($A13,'算罪台'!$B$6))),1,0)
... A1282: 盗用他人信息 | B1282: 身份盗用罪 | C1282: =IF(AND($A1281<>"",'算罪台'!$B$4<>"",ISNUMBER(SEARCH($A1281,'算罪台'!$B$4))),1,0) | D1282: =IF(AND($A1281<>"",'算罪台'!$B$5<>"",ISNUMBER(SEARCH($A1281,'算罪台'!$B$5))),1,0) | E1282: =IF(AND($A1281<>"",'算罪台'!$B$6<>"",ISNUMBER(SEARCH($A1281,'算罪台'!$B$6))),1,0)
